John Doe,users@bunk3r.net,secret,JDoe,JDoe last,New York,Software Engineer,1234567890,1988-12-13,male,female
John Doe,user5@bunk3r.net,secret,JDoe,JDoe last,New York,Software Engineer,1234567890,1988-12-13,male,both
Kenedy,user1@bunk3r.net,secret,JDoe,JDoe Last,New York,Web Designer,1234567890,1988-12-13,female,male
Kenedy,user2@bunk3r.net,secret,JDoe,JDoe Last,New York,Web Designer,1234567890,1988-12-13,male,female
Kenedy,user3@bunk3r.net,secret,JDoe,JDoe Last,New York,Web Designer,1234567890,1988-12-13,female,male
Kenedy,user4@bunk3r.net,secret,JDoe,JDoe Last,New York,Web Designer,1234567890,1988-12-13,female,both
